Match Number,Round Number,Date,Location,Home Team,Away Team,Result,game_result,home_team_logo_url,away_team_logo_url,game_id,Summary,highlight_video_url
1,1,10/09/2024 00:15,Levi's Stadium,San Francisco 49ers,New York Jets,32 - 19,Win,https://a.espncdn.com/i/teamlogos/nfl/500/sf.png,https://a.espncdn.com/i/teamlogos/nfl/500/nyj.png,7d5492b7-6372-4ab6-b878-a6ad10936f3b,"Quarterback Brock Purdy threw for 231 yards, with running back Jordan Mason rushing for 147 yards.",https://www.youtube.com/watch?v=igOb4mfV7To
28,2,15/09/2024 17:00,U.S. Bank Stadium,Minnesota Vikings,San Francisco 49ers,23 - 17,Loss,https://a.espncdn.com/i/teamlogos/nfl/500/min.png,https://a.espncdn.com/i/teamlogos/nfl/500/sf.png,9c37ef4a-8887-4e16-a0e9-53dd21d0ed1c,"Purdy passed for 319 yards; Mason added 100 rushing yards, but the 49ers fell short.",https://www.youtube.com/watch?v=jTJw2uf-Pdg
38,3,22/09/2024 20:25,SoFi Stadium,Los Angeles Rams,San Francisco 49ers,27 - 24,Loss,https://a.espncdn.com/i/teamlogos/nfl/500/lar.png,https://a.espncdn.com/i/teamlogos/nfl/500/sf.png,b8c3e7f7-81ed-48c4-9a49-0897cac450e5,Purdy threw for 292 yards; Jauan Jennings had 175 receiving yards in a close loss.,https://www.youtube.com/watch?v=Y1dnhN-1ryU
55,4,29/09/2024 20:05,Levi's Stadium,San Francisco 49ers,New England Patriots,30 - 13,Win,https://a.espncdn.com/i/teamlogos/nfl/500/sf.png,https://a.espncdn.com/i/teamlogos/nfl/500/ne.png,b4b49323-c84d-4414-bbd4-de399145db28,Brock Purdy threw for 288 yards and a touchdown; Fred Warner returned an interception for a touchdown.,https://www.youtube.com/watch?v=NCUjGFJILLo
70,5,06/10/2024 20:05,Levi's Stadium,San Francisco 49ers,Arizona Cardinals,23 - 24,Loss,https://a.espncdn.com/i/teamlogos/nfl/500/sf.png,https://a.espncdn.com/i/teamlogos/nfl/500/ari.png,efe67377-f218-4629-94d6-b0a28dae81b4,"Kyler Murray led a comeback, including a 50-yard touchdown run; Chad Ryland kicked the game-winning field goal.",https://www.youtube.com/watch?v=v62sybG_3Lk
92,6,11/10/2024 00:15,Lumen Field,Seattle Seahawks,San Francisco 49ers,24 - 36,Win,https://a.espncdn.com/i/teamlogos/nfl/500/sea.png,https://a.espncdn.com/i/teamlogos/nfl/500/sf.png,be924e35-6c00-470a-a82e-f77e89f2fca9,Geno Smith's late 13-yard touchdown run secured the Seahawks' victory.,https://www.youtube.com/watch?v=LaDE1QBC3Cc
96,7,20/10/2024 20:25,Levi's Stadium,San Francisco 49ers,Kansas City Chiefs,18 - 28,Loss,https://a.espncdn.com/i/teamlogos/nfl/500/sf.png,https://a.espncdn.com/i/teamlogos/nfl/500/kc.png,c0efcedb-e8a0-4058-8ae8-df418a829c22,Specific game details are not available.,https://www.youtube.com/watch?v=4_xM1tOK-28
109,8,28/10/2024 00:20,Levi's Stadium,San Francisco 49ers,Dallas Cowboys,30 - 24,Win,https://a.espncdn.com/i/teamlogos/nfl/500/sf.png,https://a.espncdn.com/i/teamlogos/nfl/500/dal.png,9d3c8085-3864-4c86-9a47-6d91f9561e68,Specific game details are not available.,https://www.youtube.com/watch?v=7nTBwPljD-Q
149,10,10/11/2024 18:00,Raymond James Stadium,Tampa Bay Buccaneers,San Francisco 49ers,20 - 23,Win,https://a.espncdn.com/i/teamlogos/nfl/500/tb.png,https://a.espncdn.com/i/teamlogos/nfl/500/sf.png,8c117905-4d53-4bfb-a85e-d4d0a52262a8,"The 49ers narrowly avoided a collapse, with Jake Moody's game-winning field goal.",https://www.youtube.com/watch?v=607mv01G8UU
158,11,17/11/2024 21:05,Levi's Stadium,San Francisco 49ers,Seattle Seahawks,17 - 20,Loss,https://a.espncdn.com/i/teamlogos/nfl/500/sf.png,https://a.espncdn.com/i/teamlogos/nfl/500/sea.png,6ee0f83e-d738-43c7-95e2-472bdaa9c2e8,Geno Smith's last-minute touchdown run ended the Seahawks' losing streak against the 49ers.,https://www.youtube.com/watch?v=VMPRSGk7bUg
169,12,24/11/2024 21:25,Lambeau Field,Green Bay Packers,San Francisco 49ers,38 - 10,Loss,https://a.espncdn.com/i/teamlogos/nfl/500/gb.png,https://a.espncdn.com/i/teamlogos/nfl/500/sf.png,89aeb6ec-c102-442f-a2b2-862a58f08c72,"Despite losing Deebo Samuel early, the 49ers secured a narrow victory.",https://www.youtube.com/watch?v=rtBtGh02HvA
181,13,02/12/2024 01:20,Highmark Stadium,Buffalo Bills,San Francisco 49ers,35 - 10,Loss,https://a.espncdn.com/i/teamlogos/nfl/500/buf.png,https://a.espncdn.com/i/teamlogos/nfl/500/sf.png,051a9bbd-41b1-4946-b366-2202b9b84646,"Josh Allen scored touchdowns passing, rushing, and receiving, leading the Bills to victory.",
199,14,08/12/2024 21:25,Levi's Stadium,San Francisco 49ers,Chicago Bears,38 - 13,Win,https://a.espncdn.com/i/teamlogos/nfl/500/sf.png,https://a.espncdn.com/i/teamlogos/nfl/500/chi.png,2bfc3060-5975-4c60-8cf2-cd359c318bcb,Specific game details are not available.,https://www.youtube.com/watch?v=qmzSVmVNaFg
224,15,13/12/2024 01:15,Levi's Stadium,San Francisco 49ers,Los Angeles Rams,6 - 12,Loss,https://a.espncdn.com/i/teamlogos/nfl/500/sf.png,https://a.espncdn.com/i/teamlogos/nfl/500/lar.png,07182afe-36bf-44e4-a464-52a56e9e325d,"In a rainy defensive battle, the Rams secured victory with four field goals.",https://www.youtube.com/watch?v=3JfiboQ6ZC8
228,16,22/12/2024 21:25,Hard Rock Stadium,Miami Dolphins,San Francisco 49ers,29 - 17,Loss,https://a.espncdn.com/i/teamlogos/nfl/500/mia.png,https://a.espncdn.com/i/teamlogos/nfl/500/sf.png,0be9a14c-0017-46b8-96e8-7c446e78ea84,A high-scoring game marked by a scuffle involving Jauan Jennings; the 49ers fell short.,
246,17,31/12/2024 01:15,Levi's Stadium,San Francisco 49ers,Detroit Lions,34 - 40,Loss,https://a.espncdn.com/i/teamlogos/nfl/500/sf.png,https://a.espncdn.com/i/teamlogos/nfl/500/det.png,a6af1ef1-eece-43c2-b98f-c20494003cfe,Specific game details are not available.,https://www.youtube.com/watch?v=AooNLyum7Ng
257,18,05/01/2025 21:25,State Farm Stadium,Arizona Cardinals,San Francisco 49ers,47 - 24,Loss,https://a.espncdn.com/i/teamlogos/nfl/500/ari.png,https://a.espncdn.com/i/teamlogos/nfl/500/sf.png,2c95b37b-b32d-4b30-a582-f04b8cbf12e4,Specific game details are not available.,https://www.youtube.com/watch?v=HfqGFWVdf9w